BEGIN;

INSERT INTO andar (descricao) VALUES ('PRIMEIRO ANDAR');
INSERT INTO andar (descricao) VALUES ('SEGUNDO ANDAR');
INSERT INTO andar (descricao) VALUES ('TERCEIRO ANDAR');
INSERT INTO andar (descricao) VALUES ('QUARTO ANDAR');
INSERT INTO andar (descricao) VALUES ('QUINTO ANDAR');
INSERT INTO andar (descricao) VALUES ('SEXTO ANDAR');

INSERT INTO bloco (descricao) VALUES ('VERDE');
INSERT INTO bloco (descricao) VALUES ('VERMELHO');
INSERT INTO bloco (descricao) VALUES ('AMARELO');
INSERT INTO bloco (descricao) VALUES ('LARANJA');
INSERT INTO bloco (descricao) VALUES ('AZUL');
INSERT INTO bloco (descricao) VALUES ('ROZA');

INSERT INTO bloco_do_andar (bloco_id, andar_id) VALUES (1, 1);
INSERT INTO bloco_do_andar (bloco_id, andar_id) VALUES (1, 2);
INSERT INTO bloco_do_andar (bloco_id, andar_id) VALUES (1, 3);
INSERT INTO bloco_do_andar (bloco_id, andar_id) VALUES (1, 4);
INSERT INTO bloco_do_andar (bloco_id, andar_id) VALUES (1, 5);
INSERT INTO bloco_do_andar (bloco_id, andar_id) VALUES (1, 6);
INSERT INTO bloco_do_andar (bloco_id, andar_id) VALUES (2, 1);
INSERT INTO bloco_do_andar (bloco_id, andar_id) VALUES (2, 2);
INSERT INTO bloco_do_andar (bloco_id, andar_id) VALUES (2, 3);
INSERT INTO bloco_do_andar (bloco_id, andar_id) VALUES (2, 4);
INSERT INTO bloco_do_andar (bloco_id, andar_id) VALUES (2, 5);
INSERT INTO bloco_do_andar (bloco_id, andar_id) VALUES (2, 6);
INSERT INTO bloco_do_andar (bloco_id, andar_id) VALUES (3, 1);
INSERT INTO bloco_do_andar (bloco_id, andar_id) VALUES (3, 2);
INSERT INTO bloco_do_andar (bloco_id, andar_id) VALUES (3, 3);
INSERT INTO bloco_do_andar (bloco_id, andar_id) VALUES (3, 4);
INSERT INTO bloco_do_andar (bloco_id, andar_id) VALUES (3, 5);
INSERT INTO bloco_do_andar (bloco_id, andar_id) VALUES (3, 6);
INSERT INTO bloco_do_andar (bloco_id, andar_id) VALUES (4, 1);
INSERT INTO bloco_do_andar (bloco_id, andar_id) VALUES (4, 2);
INSERT INTO bloco_do_andar (bloco_id, andar_id) VALUES (4, 3);
INSERT INTO bloco_do_andar (bloco_id, andar_id) VALUES (4, 4);
INSERT INTO bloco_do_andar (bloco_id, andar_id) VALUES (4, 5);
INSERT INTO bloco_do_andar (bloco_id, andar_id) VALUES (4, 6);
INSERT INTO bloco_do_andar (bloco_id, andar_id) VALUES (5, 1);
INSERT INTO bloco_do_andar (bloco_id, andar_id) VALUES (5, 2);
INSERT INTO bloco_do_andar (bloco_id, andar_id) VALUES (5, 3);
INSERT INTO bloco_do_andar (bloco_id, andar_id) VALUES (5, 4);
INSERT INTO bloco_do_andar (bloco_id, andar_id) VALUES (5, 5);
INSERT INTO bloco_do_andar (bloco_id, andar_id) VALUES (5, 6);
INSERT INTO bloco_do_andar (bloco_id, andar_id) VALUES (6, 1);
INSERT INTO bloco_do_andar (bloco_id, andar_id) VALUES (6, 2);
INSERT INTO bloco_do_andar (bloco_id, andar_id) VALUES (6, 3);
INSERT INTO bloco_do_andar (bloco_id, andar_id) VALUES (6, 4);
INSERT INTO bloco_do_andar (bloco_id, andar_id) VALUES (6, 5);
INSERT INTO bloco_do_andar (bloco_id, andar_id) VALUES (6, 6);

INSERT INTO fileira (bloco_do_andar_id,descricao) VALUES (35,1),(2,9),(36,7),(16,9),(25,3),(35,4),(36,4),(8,1),(34,9),(26,8);
INSERT INTO fileira (bloco_do_andar_id,descricao) VALUES (31,7),(17,2),(26,1),(34,5),(6,1),(10,1),(21,5),(8,10),(25,5),(22,9);
INSERT INTO fileira (bloco_do_andar_id,descricao) VALUES (1,6),(8,5),(5,8),(13,1),(26,10),(3,6),(31,8),(33,4),(15,8),(26,3);
INSERT INTO fileira (bloco_do_andar_id,descricao) VALUES (14,8),(34,4),(33,8),(34,1),(36,5),(3,10),(30,7),(27,8),(21,10),(2,9);
INSERT INTO fileira (bloco_do_andar_id,descricao) VALUES (22,2),(29,4),(20,6),(26,6),(25,8),(31,4),(2,10),(2,10),(23,2),(10,2);
INSERT INTO fileira (bloco_do_andar_id,descricao) VALUES (6,7),(24,6),(22,6),(32,2),(5,9),(4,4),(1,9),(17,3),(28,4),(2,4);
INSERT INTO fileira (bloco_do_andar_id,descricao) VALUES (34,7),(35,6),(19,2),(11,7),(2,5),(12,8),(25,9),(31,3),(9,9),(3,6);
INSERT INTO fileira (bloco_do_andar_id,descricao) VALUES (30,4),(31,2),(9,7),(2,7),(25,8),(33,3),(36,1),(30,6),(34,7),(2,2);
INSERT INTO fileira (bloco_do_andar_id,descricao) VALUES (1,2),(11,7),(22,2),(2,7),(9,6),(11,2),(29,5),(11,2),(14,1),(4,10);
INSERT INTO fileira (bloco_do_andar_id,descricao) VALUES (30,6),(31,3),(1,1),(35,4),(24,1),(20,6),(31,2),(13,3),(5,7),(5,8);

INSERT INTO prateleira (fileira_id,descricao) VALUES (52,142),(33,798),(55,823),(75,218),(32,323),(53,41),(65,333),(16,450),(83,247),(78,176);
INSERT INTO prateleira (fileira_id,descricao) VALUES (12,338),(30,678),(38,523),(34,838),(17,172),(96,657),(3,363),(3,494),(46,824),(49,615);
INSERT INTO prateleira (fileira_id,descricao) VALUES (74,273),(71,463),(67,842),(95,658),(16,585),(100,317),(63,876),(85,901),(95,847),(46,163);
INSERT INTO prateleira (fileira_id,descricao) VALUES (75,312),(34,40),(51,104),(52,626),(58,595),(39,314),(47,30),(28,223),(37,798),(61,260);
INSERT INTO prateleira (fileira_id,descricao) VALUES (5,188),(61,719),(29,773),(45,90),(48,639),(3,104),(48,929),(61,609),(99,260),(67,207);
INSERT INTO prateleira (fileira_id,descricao) VALUES (4,752),(17,938),(56,388),(84,37),(68,580),(97,253),(20,708),(36,951),(2,90),(26,998);
INSERT INTO prateleira (fileira_id,descricao) VALUES (24,636),(4,126),(68,155),(54,717),(66,551),(13,174),(68,717),(86,488),(11,303),(85,458);
INSERT INTO prateleira (fileira_id,descricao) VALUES (29,826),(96,608),(99,674),(97,992),(43,403),(44,659),(63,599),(20,417),(98,677),(89,672);
INSERT INTO prateleira (fileira_id,descricao) VALUES (47,228),(60,801),(64,579),(94,219),(28,903),(61,565),(79,113),(17,375),(33,504),(21,704);
INSERT INTO prateleira (fileira_id,descricao) VALUES (9,524),(20,687),(30,581),(65,680),(14,400),(35,180),(44,48),(39,467),(23,955),(83,573);

INSERT INTO usuario (id,nome,email,login,senha) VALUES (1,"Dakota D. Noble","tincidunt.congue.turpis@atpretiumaliquet.ca","1615093046999","1692091974299"),(2,"Akeem Q. Blankenship","eget.venenatis.a@loremeget.edu","1619120522099","1623061083899"),(3,"Timothy Wise","lobortis.augue.scelerisque@nibhenim.co.uk","1649120698899","1626123033599"),(4,"Caldwell Gordon","Praesent.eu@arcu.net","1618081345099","1690052544299"),(5,"Callum J. Hendrix","mollis.nec.cursus@nullaIntincidunt.ca","1621032586399","1677100281499"),(6,"Raja Spears","justo.eu.arcu@Suspendissenonleo.com","1627120548799","1635022662399"),(7,"Fleur Spencer","ornare.lectus.justo@quamafelis.net","1664011595399","1604010366299"),(8,"Sydnee Becker","sagittis.Nullam.vitae@rhoncus.com","1623061563199","1642071939299"),(9,"Chanda Pitts","sociis.natoque.penatibus@adipiscingMauris.co.uk","1616030669199","1693110346699"),(10,"Ainsley O. Wong","ante.dictum.cursus@amalesuada.org","1604030631199","1694090340799");
INSERT INTO usuario (id,nome,email,login,senha) VALUES (11,"Cody U. Hoffman","tempus.mauris@diam.edu","1619031434399","1601060298999"),(12,"Drew Farley","ut@enim.ca","1684031864499","1603121549699"),(13,"Bryar A. Wilcox","aliquet.diam.Sed@Praesent.co.uk","1653030976599","1688071284799"),(14,"Ira Baker","erat@eu.com","1617112979799","1682121272799"),(15,"Grady T. Reed","Integer.sem@necurna.net","1645041698099","1612022446799"),(16,"Mariam E. Mathis","et.lacinia@adipiscingligula.ca","1622051847699","1693070632099"),(17,"Griffith A. Mcmahon","sem@ut.org","1612041199199","1625101656399"),(18,"Giacomo X. Cotton","euismod.ac@convallisligula.ca","1688081043099","1668030265799"),(19,"Raymond Hoffman","faucibus.id.libero@amet.edu","1631071051999","1689012791999"),(20,"Ahmed Travis","magna.nec.quam@arcuacorci.net","1642092410499","1640111403099");
INSERT INTO usuario (id,nome,email,login,senha) VALUES (21,"Clinton X. Sears","est@aliquet.edu","1662091604599","1643050244699"),(22,"Christian Padilla","augue@nisi.com","1610032125999","1671072735299"),(23,"Dieter Valentine","ultrices.a@nondapibus.ca","1659092556699","1693070931099"),(24,"Erich Quinn","justo.faucibus.lectus@Duiscursus.co.uk","1655062911799","1647011852799"),(25,"Coby F. Rojas","euismod.in.dolor@aarcu.ca","1632052492499","1625121987799"),(26,"Jamal B. Harris","in@euismod.co.uk","1675040767099","1684080816799"),(27,"Ira Henson","vel.arcu.eu@sitamet.co.uk","1646071573799","1651020703699"),(28,"Anthony Marshall","quis.accumsan.convallis@facilisis.co.uk","1619101594299","1657050629899"),(29,"Erich Sargent","ultricies.dignissim@ornare.co.uk","1622071243399","1690122257499"),(30,"Juliet T. Charles","aliquet@vehiculaaliquetlibero.net","1648081255799","1665121789199");
INSERT INTO usuario (id,nome,email,login,senha) VALUES (31,"Fallon Z. Wilson","purus.Maecenas.libero@Loremipsum.com","1679062253399","1614100921299"),(32,"Wyoming P. Padilla","purus.mauris.a@nascetur.net","1657082674899","1674030215599"),(33,"Victor H. Beck","nisi@neccursusa.org","1630040948399","1682042934499"),(34,"Aline Harris","facilisis.eget.ipsum@volutpat.com","1674081172999","1632061985299"),(35,"Tucker Patton","et.netus.et@nonummyultricies.org","1632122635299","1674030577699"),(36,"Harrison Z. Pearson","Mauris@Cum.edu","1641071014899","1639022259099"),(37,"Rebecca Cochran","massa.lobortis.ultrices@pedenecante.org","1618120312999","1635011327799"),(38,"Hedwig B. Mayo","neque.Nullam.ut@velmauris.co.uk","1637090749599","1678031164599"),(39,"Desirae B. Francis","ac.facilisis.facilisis@lobortisultricesVivamus.ca","1608021158599","1681071084499"),(40,"Stella S. Clayton","imperdiet@nisi.edu","1646032571499","1690100467899");
INSERT INTO usuario (id,nome,email,login,senha) VALUES (41,"Desiree Reed","fermentum.risus.at@sitametdapibus.co.uk","1684042144199","1651043014899"),(42,"Germane Newman","euismod@Morbimetus.net","1618112733899","1619061809299"),(43,"Gannon L. Barlow","mi.fringilla.mi@et.com","1626022679099","1611022205199"),(44,"Baxter J. Joseph","Proin@eget.net","1665032970199","1647082349399"),(45,"Roary Dillon","Cras@ut.ca","1611091150199","1662110638399"),(46,"Dennis S. Meyers","Donec.feugiat.metus@erat.ca","1672092700899","1656092613299"),(47,"Chaney T. Fleming","et@cursus.edu","1665062442499","1616121705399"),(48,"Salvador O. Johns","ligula.tortor.dictum@orciluctus.co.uk","1654102467799","1672071424599"),(49,"Kaitlin Hart","lacus.Mauris.non@diamnunc.com","1668091937999","1609111138599"),(50,"Erasmus Vazquez","bibendum.sed.est@Donecluctus.co.uk","1634070721499","1654083061299");
INSERT INTO usuario (id,nome,email,login,senha) VALUES (51,"Jamal B. Lambert","elit@amifringilla.net","1643092493099","1655012781699"),(52,"Karina J. Clayton","et@et.edu","1688042097699","1612031866099"),(53,"Eaton Bolton","turpis@in.com","1670012070399","1684031796499"),(54,"Gabriel K. Case","Nullam@enimEtiamimperdiet.net","1627030615999","1692050441599"),(55,"Ria F. Bradshaw","et@Aliquamrutrumlorem.com","1646052215899","1629041426799"),(56,"Octavius L. Hatfield","et.magna.Praesent@metuseuerat.org","1671121571999","1636042197699"),(57,"Cassady P. Kelley","imperdiet.nec.leo@Utsemperpretium.co.uk","1686030650799","1654101908299"),(58,"Phoebe M. Sanchez","ac@dignissimMaecenas.net","1628121848099","1647030450099"),(59,"Mira Z. Mcclain","amet.consectetuer.adipiscing@gravidanuncsed.net","1679101459999","1616012613299"),(60,"Ray M. Watts","quis@vestibulummassarutrum.net","1698032782399","1611061726299");
INSERT INTO usuario (id,nome,email,login,senha) VALUES (61,"Kylynn David","amet.nulla@ridiculusmusAenean.co.uk","1634071412699","1684021394799"),(62,"Guy Keller","Quisque@sedliberoProin.com","1675082958999","1674110137699"),(63,"Dorothy J. Morton","turpis.vitae.purus@fermentummetusAenean.edu","1656033058699","1638041068799"),(64,"Duncan E. Hogan","tristique@ornareplaceratorci.org","1632121300499","1688081165199"),(65,"Beatrice V. Casey","Donec.est@sitamet.co.uk","1671062815199","1648061219999"),(66,"Hoyt K. Terrell","viverra.Donec@vel.net","1665060605499","1697030570299"),(67,"Olympia T. Olson","a.arcu@interdumenimnon.org","1691042733299","1692092653699"),(68,"Charde Ingram","neque@pedenonummyut.co.uk","1675070858199","1687051670099"),(69,"Dominic Burks","lacinia@ornareegestasligula.org","1620020793399","1664063008299"),(70,"Gray M. Burnett","sit@ullamcorper.net","1614121657799","1641100375599");
INSERT INTO usuario (id,nome,email,login,senha) VALUES (71,"Kai D. Higgins","Duis.ac.arcu@imperdietornare.edu","1688051456599","1611022607699"),(72,"Richard D. Ferrell","quis@Loremipsumdolor.org","1656021682199","1677112560999"),(73,"Reuben Dejesus","quis.arcu.vel@aliquet.edu","1628022454099","1634122969899"),(74,"Marcia Z. Marks","Aliquam@nibhenimgravida.ca","1658023075099","1610100910999"),(75,"Kenneth N. Joseph","erat@egetlacusMauris.ca","1668071823699","1629071156199"),(76,"Petra I. Mccray","velit@lacusvarius.co.uk","1633092845199","1647100914899"),(77,"Dalton G. Mcdaniel","ultrices.Duis@pedeCras.edu","1605052558899","1671010502499"),(78,"Hyacinth D. Adams","in.dolor@at.org","1622022548399","1640010358499"),(79,"Levi F. Simon","id.erat@metus.org","1686022023299","1610060531599"),(80,"Kamal F. Watts","nec@imperdietdictummagna.net","1669072564299","1644021996599");
INSERT INTO usuario (id,nome,email,login,senha) VALUES (81,"Gail Bush","Curabitur@est.com","1641042059799","1630071046799"),(82,"McKenzie Molina","Nullam.suscipit.est@Etiamligulatortor.ca","1678032561199","1644022536299"),(83,"Sylvester R. Torres","pede@Proinsedturpis.com","1686101523599","1691110827799"),(84,"Lois L. Dixon","amet@Aliquameratvolutpat.net","1605050351199","1695011329899"),(85,"Rinah T. Brooks","Morbi@vitaeorciPhasellus.ca","1687042394999","1643100842799"),(86,"Eric D. Bowman","justo.Proin@ornarelectusjusto.net","1668110888099","1688020170499"),(87,"Kamal Pennington","dui.Fusce@hymenaeos.ca","1615062798799","1693062133399"),(88,"Justine J. Flores","faucibus.leo.in@leo.co.uk","1627081918899","1654071984299"),(89,"Clayton Johnston","Proin.sed.turpis@Namporttitor.org","1627102418899","1695011389799"),(90,"Xantha H. Todd","bibendum@ullamcorpernislarcu.com","1644082385299","1652011914199");
INSERT INTO usuario (id,nome,email,login,senha) VALUES (91,"Nichole Z. Oliver","odio.Etiam.ligula@porttitorvulputate.com","1636122253699","1629060765699"),(92,"Carissa Goodwin","semper.cursus.Integer@Curabitursed.edu","1697102628999","1623052569899"),(93,"Tarik Hicks","risus.Morbi.metus@imperdietnecleo.co.uk","1698120171299","1678042526199"),(94,"Adria Bean","sit.amet@nibhvulputate.ca","1690090514099","1616040432899"),(95,"Kibo Ramirez","enim@enimcommodohendrerit.org","1626032330499","1687072869399"),(96,"Mason Hickman","nec.ante@necenimNunc.co.uk","1668050896499","1666112680999"),(97,"Brooke E. Alston","dui.Cras@Class.net","1649102794799","1680032355299"),(98,"Ezra Thomas","egestas.Aliquam@semperrutrum.edu","1629091092199","1678123095999"),(99,"Boris Moreno","Fusce@Lorem.com","1670062336099","1673100846299"),(100,"Cailin Kelly","Nunc@lacusAliquamrutrum.net","1662071717799","1663022483999");

INSERT INTO atendente (usuario_id) VALUES (1),(2),(3),(4),(5),(6),(7),(8),(9),(10);
INSERT INTO atendente (usuario_id) VALUES (11),(12),(13),(14),(15),(16),(17),(18),(19),(20);
INSERT INTO atendente (usuario_id) VALUES (21),(22),(23),(24),(25),(26),(27),(28),(29),(30);
INSERT INTO atendente (usuario_id) VALUES (31),(32),(33),(34),(35),(36),(37),(38),(39),(40);

INSERT INTO genero (descricao) VALUES ('INFORMÁTICA');
INSERT INTO genero (descricao) VALUES ('ENGENHARIA');
INSERT INTO genero (descricao) VALUES ('CIÊNCIAS EXATAS');
INSERT INTO genero (descricao) VALUES ('CIÊNCIAS HUMANAS');
INSERT INTO genero (descricao) VALUES ('COMÉDIA');
INSERT INTO genero (descricao) VALUES ('AÇÃO');
INSERT INTO genero (descricao) VALUES ('TERROR');
INSERT INTO genero (descricao) VALUES ('DIDÁTICO');

INSERT INTO editora (nome) VALUES ("Ut Quam Associates"),("Nec Industries"),("Molestie Sed Corporation"),("Malesuada Vel Industries"),("Erat Eget Tincidunt Industries"),("Aliquam Iaculis Lacus Company"),("Eu Odio Consulting"),("Ultrices Associates"),("Elementum PC"),("Ultrices Posuere Limited");
INSERT INTO editora (nome) VALUES ("Dictum Industries"),("Dolor Industries"),("Semper Et Lacinia Corp."),("Vitae Purus Gravida Ltd"),("Nunc In At LLP"),("In Associates"),("Nullam Industries"),("Rutrum Non Hendrerit Company"),("Fermentum Industries"),("Sem Semper Company");
INSERT INTO editora (nome) VALUES ("Nascetur Foundation"),("Elementum Industries"),("Nec Tempus Scelerisque Incorporated"),("Vitae Diam Corp."),("Nunc Company"),("A Sollicitudin Orci LLC"),("Libero At Auctor Consulting"),("Eu Turpis Limited"),("Cursus Diam At Corp."),("Non Institute");
INSERT INTO editora (nome) VALUES ("Blandit Viverra Donec Incorporated"),("Mus Industries"),("Laoreet Ipsum Corporation"),("Dolor Fusce Feugiat Incorporated"),("Nisl Arcu Iaculis LLC"),("Consectetuer Consulting"),("Libero Corp."),("Tincidunt Dui Company"),("Aliquam Ornare Associates"),("Ipsum Suspendisse Non Corporation");
INSERT INTO editora (nome) VALUES ("Tempor Erat Neque LLP"),("Sem Ut Cursus Industries"),("Dui Quis Accumsan Associates"),("Senectus Corp."),("Eu Odio Consulting"),("Neque In Foundation"),("Enim Suspendisse Ltd"),("Iaculis Aliquet Diam Limited"),("Justo Praesent Associates"),("Mauris Aliquam Eu LLC");
INSERT INTO editora (nome) VALUES ("Non Industries"),("Nonummy Ac Limited"),("Duis Mi Corporation"),("Non Arcu Vivamus Limited"),("Facilisis Vitae Orci Limited"),("Vivamus Nibh Dolor Foundation"),("Interdum LLP"),("Eu Tempor Company"),("Dolor Ltd"),("Nisl Sem Institute");
INSERT INTO editora (nome) VALUES ("Lorem Sit Amet Institute"),("Nec Corporation"),("Nulla LLP"),("Sit Amet Consectetuer Foundation"),("Velit Egestas Limited"),("Proin Incorporated"),("Vehicula Et Associates"),("Vitae Semper Egestas Company"),("Sem Egestas Blandit Inc."),("Aliquet Libero Integer Incorporated");
INSERT INTO editora (nome) VALUES ("Quis Urna Nunc PC"),("Hymenaeos Mauris LLP"),("Cubilia Curae; Ltd"),("Ut Molestie Consulting"),("Aliquam Eu Accumsan Institute"),("Suspendisse PC"),("Augue Scelerisque LLC"),("Pellentesque Sed Company"),("Quisque Nonummy Incorporated"),("Elit Institute");
INSERT INTO editora (nome) VALUES ("Tempor Industries"),("Nulla Vulputate Industries"),("A Tortor Inc."),("Arcu Institute"),("Sit Amet Corporation"),("Purus Ac Inc."),("Maecenas Ornare Industries"),("Fringilla PC"),("Odio Sagittis Semper Industries"),("Pede Cras Vulputate Associates");
INSERT INTO editora (nome) VALUES ("Aliquam Eros Turpis LLP"),("Tortor Integer LLC"),("A Magna Lorem Consulting"),("Eget Inc."),("Suscipit Ltd"),("Libero Est Associates"),("Amet Ltd"),("Pede Praesent Eu LLC"),("Sit Amet Luctus Institute"),("Feugiat Tellus Lorem Consulting");

INSERT INTO autor (nome) VALUES ("Cleo Lloyd"),("Orson C. Rodgers"),("Maia Craig"),("Connor Peterson"),("Zane Delgado"),("Ivory Harrison"),("Alexa V. Thompson"),("Jarrod D. Shaffer"),("Jayme Jenkins"),("Whilemina X. Stephens");
INSERT INTO autor (nome) VALUES ("Irma Nguyen"),("Camille V. Serrano"),("Herman B. Garrison"),("Cecilia Jensen"),("Stacey L. Barton"),("Savannah Bishop"),("Theodore Talley"),("Zia Y. Barnes"),("Brenna Burgess"),("Leah Hendricks");
INSERT INTO autor (nome) VALUES ("Lars E. Osborne"),("Nolan Marshall"),("Ezra Mcguire"),("Daquan P. Burt"),("Chadwick P. Knapp"),("Signe J. Douglas"),("Vielka J. Rocha"),("Brooke Lawson"),("Dale Powell"),("Madonna O. Beck");
INSERT INTO autor (nome) VALUES ("Brenna Fischer"),("Nina O. Burton"),("Xander Shepherd"),("Troy Allison"),("Kellie Drake"),("Garrett H. Lara"),("Maisie U. Glover"),("Jelani Keith"),("Flavia O. Smith"),("Baker Bird");
INSERT INTO autor (nome) VALUES ("Erin E. Mendoza"),("Virginia F. Stone"),("Dolan U. White"),("Madaline L. Cain"),("Whitney P. Nunez"),("Medge I. Kidd"),("Orla B. Ballard"),("Zelenia Lynch"),("Lewis Clayton"),("Astra Carr");
INSERT INTO autor (nome) VALUES ("Mary Shepard"),("Neil Wilkins"),("Jakeem L. Snider"),("Nomlanga Richard"),("Ebony L. Simpson"),("Ross Cooley"),("Walker P. Mccarty"),("Zephania C. Hudson"),("Zane Avery"),("Anne Davis");
INSERT INTO autor (nome) VALUES ("Amanda D. Mckee"),("Kylie Doyle"),("Emerald T. Oneal"),("Callum R. Mayo"),("Darrel M. Sims"),("Xenos W. Edwards"),("Linus Forbes"),("Leandra O. Holden"),("Chadwick K. Peterson"),("Calvin I. Park");
INSERT INTO autor (nome) VALUES ("Lilah Taylor"),("Nora I. Farley"),("Eagan Q. Joyce"),("Raya Newton"),("Vera T. Donaldson"),("Indigo Nixon"),("Jordan Holman"),("Naomi Casey"),("Elizabeth Weaver"),("Erich Delacruz");
INSERT INTO autor (nome) VALUES ("Declan Fitzgerald"),("Kuame K. Mccarthy"),("Jeanette Burgess"),("Ramona Burgess"),("Demetrius P. Patel"),("Risa B. Owens"),("Janna L. Wolfe"),("Theodore U. Rutledge"),("Amos Z. Tate"),("Gail Z. Copeland");
INSERT INTO autor (nome) VALUES ("Damon B. Burns"),("Aimee M. Sweeney"),("Stacy I. Holder"),("Quail Hewitt"),("Merrill Odom"),("Plato Welch"),("Elliott V. Meyer"),("Ashton X. Johns"),("Dolan Rosa"),("Minerva M. Nunez");


INSERT INTO livro (editora_id,nome,edicao,data_publicacao,local_publicacao,qtd_total,qtd_disponivel) VALUES (45,"Deirdre I. Ingram",1984,"2017-09-06","P.O. Box 991, 6594 Donec Rd.",26,75),(26,"Trevor Harding",1990,"2017-04-27","688-7577 Odio. Rd.",41,45),(70,"Farrah F. Bright",1984,"2018-06-09","749-5812 Egestas Road",1,96),(9,"Luke H. Richards",1993,"2017-08-12","Ap #195-4675 Malesuada Rd.",56,92),(90,"April G. Swanson",1981,"2017-09-24","8660 Etiam Rd.",47,25),(51,"Jolene Q. Baird",1992,"2018-07-19","825 Nibh Avenue",84,85),(38,"Russell Nunez",1996,"2019-01-27","Ap #590-3034 Facilisis Street",67,40),(55,"Taylor Mendoza",1995,"2018-03-18","Ap #698-9056 Arcu Rd.",39,90),(60,"Sloane L. Erickson",2015,"2019-03-03","Ap #728-357 Massa. Av.",26,26),(24,"Tucker Keller",2008,"2017-10-13","1114 Lectus Ave",46,88);
INSERT INTO livro (editora_id,nome,edicao,data_publicacao,local_publicacao,qtd_total,qtd_disponivel) VALUES (42,"Ivory Burks",2004,"2018-04-09","Ap #542-9776 Sem Rd.",81,51),(62,"Alfreda Gonzalez",1996,"2018-05-20","Ap #191-9099 Diam Ave",9,84),(55,"Isadora U. Stanley",2015,"2017-04-24","Ap #808-5201 Nullam Rd.",40,14),(69,"Michelle Murray",1992,"2017-07-14","1275 Luctus Av.",87,17),(43,"Russell D. Guy",1996,"2017-10-03","1266 Lectus Rd.",9,91),(38,"Nissim G. Alford",1984,"2019-01-17","Ap #861-410 Id Rd.",56,54),(47,"Rosalyn H. Kirkland",1993,"2017-12-21","872-9509 Ipsum Ave",46,1),(93,"Kasimir J. Henderson",1994,"2018-05-23","9252 Ligula. Ave",26,57),(3,"Kimberly Schwartz",1982,"2017-05-24","5054 Sed, Rd.",55,55),(81,"Mira Spencer",1996,"2018-09-03","777-5643 Ipsum Rd.",51,70);
INSERT INTO livro (editora_id,nome,edicao,data_publicacao,local_publicacao,qtd_total,qtd_disponivel) VALUES (83,"Kennan Poole",1996,"2018-10-29","428-4714 Amet, Road",79,81),(12,"Laura E. King",2003,"2019-02-04","410-2286 Lectus Road",83,42),(2,"Cara Farrell",1980,"2017-10-20","Ap #459-403 Integer Ave",24,24),(84,"Lacy Delacruz",2008,"2018-04-04","459-971 Mollis. Ave",63,67),(9,"Ruth O. Chang",2007,"2017-09-23","349-9442 Placerat Ave",62,50),(18,"Mia Wade",1985,"2017-12-05","Ap #907-3045 Non, St.",83,77),(97,"Baxter L. Bradshaw",1991,"2017-09-29","Ap #248-2636 Dictum St.",66,29),(81,"Ila Glover",1991,"2017-12-20","623-3226 Aenean Rd.",7,3),(17,"Galvin Berg",1998,"2018-10-09","3767 Sed, Rd.",46,18),(74,"Dane L. Mclaughlin",2016,"2018-05-01","P.O. Box 606, 3271 Fusce St.",60,94);
INSERT INTO livro (editora_id,nome,edicao,data_publicacao,local_publicacao,qtd_total,qtd_disponivel) VALUES (96,"Keaton Aguilar",1996,"2017-10-06","Ap #617-6804 Elit, Road",22,23),(52,"Howard Nelson",2004,"2019-03-21","474-5709 Ligula Av.",54,44),(65,"Joan K. Duncan",2016,"2017-12-26","P.O. Box 252, 8631 Dui. Rd.",7,97),(47,"Hanae Green",1983,"2018-05-26","P.O. Box 624, 4490 Aliquet St.",13,1),(41,"Octavius Frank",2008,"2017-12-31","4143 Est, St.",100,6),(90,"Reese C. Jefferson",1980,"2017-12-04","P.O. Box 899, 922 Arcu. Road",55,12),(100,"Signe Rodriguez",1992,"2017-12-07","P.O. Box 447, 8100 Nullam Road",13,57),(36,"Ella Frazier",1998,"2018-06-13","Ap #825-426 Cursus Ave",15,53),(41,"Amir Q. Hancock",1999,"2018-12-20","P.O. Box 935, 1979 Dolor. St.",79,78),(66,"Kylynn Guerra",1987,"2018-10-22","8573 Arcu Av.",52,55);
INSERT INTO livro (editora_id,nome,edicao,data_publicacao,local_publicacao,qtd_total,qtd_disponivel) VALUES (74,"Kimberly L. Eaton",1987,"2017-10-01","6576 In Rd.",88,88),(62,"Howard Contreras",2010,"2018-03-12","397-6835 Aliquam Av.",100,16),(54,"Eagan H. Ellison",2006,"2017-10-21","1690 Sed Ave",27,12),(57,"Colin H. Noel",1995,"2018-12-29","P.O. Box 587, 639 Sit Road",20,48),(82,"Diana Freeman",2002,"2018-09-11","P.O. Box 463, 8652 Nunc Rd.",1,1),(86,"Blake N. Williams",2002,"2017-05-18","7277 Donec Road",76,4),(46,"Berk H. Perez",1992,"2018-05-16","P.O. Box 524, 3435 Sagittis Rd.",89,96),(34,"Victoria Solis",1989,"2018-09-13","233-7835 Faucibus Av.",98,57),(67,"Autumn Mckinney",2012,"2017-12-03","806 Eu, Avenue",54,37),(70,"Kevin Little",2005,"2018-03-27","P.O. Box 761, 7532 Sagittis Rd.",17,9);
INSERT INTO livro (editora_id,nome,edicao,data_publicacao,local_publicacao,qtd_total,qtd_disponivel) VALUES (54,"Martin J. Bates",1997,"2018-02-09","957 Orci Av.",40,20),(28,"Madaline I. Lawson",2005,"2018-03-07","947-7947 Ullamcorper Rd.",86,91),(85,"Rigel Oneal",1985,"2018-07-23","Ap #953-7709 Curabitur St.",97,21),(63,"Chadwick P. Kirkland",2007,"2018-04-01","Ap #681-6243 Magna, Av.",40,64),(77,"Guy Eaton",1993,"2017-04-11","2189 Ipsum St.",96,65),(36,"Geraldine Hood",1986,"2018-01-17","8095 Conubia St.",5,41),(98,"Ingrid Wyatt",2008,"2017-06-18","5707 Adipiscing St.",85,51),(51,"Evangeline F. Payne",2007,"2018-03-22","P.O. Box 832, 9711 Vestibulum St.",6,54),(31,"Angelica Bowman",1990,"2018-12-12","Ap #646-953 Neque. Street",55,62),(11,"Serena A. Barton",1992,"2018-08-31","Ap #991-3279 Nec Ave",54,86);
INSERT INTO livro (editora_id,nome,edicao,data_publicacao,local_publicacao,qtd_total,qtd_disponivel) VALUES (9,"Blake Thornton",2015,"2018-03-10","Ap #132-579 Arcu. Road",24,83),(46,"Noah Brooks",2015,"2018-08-28","441-8334 Tempor Avenue",5,14),(2,"Thor Haley",2018,"2018-09-24","7408 A, Rd.",66,48),(29,"Shaine Crane",2014,"2017-06-21","101-9500 Vitae Rd.",83,60),(90,"Tucker Klein",1992,"2019-03-03","P.O. Box 358, 4403 Ipsum Avenue",95,6),(79,"Rose J. Cabrera",2015,"2018-04-12","417-9904 Ultrices Street",26,27),(33,"Thomas Christian",1990,"2018-05-12","4928 Eu Rd.",38,22),(3,"Cadman Kim",2005,"2018-07-12","426-9318 Quam. Road",14,74),(8,"Summer Q. Avila",1996,"2018-02-28","Ap #422-8720 Tellus. Rd.",24,66),(26,"Seth W. Rosales",1982,"2018-11-09","9142 Nunc Ave",33,18);
INSERT INTO livro (editora_id,nome,edicao,data_publicacao,local_publicacao,qtd_total,qtd_disponivel) VALUES (8,"Ava W. Benton",1995,"2017-09-20","Ap #626-4231 Placerat, St.",79,96),(54,"Sarah Mooney",2005,"2017-05-15","P.O. Box 254, 913 Odio Rd.",77,10),(49,"Camilla N. Johnston",2005,"2017-04-21","Ap #492-8635 Auctor Avenue",44,52),(47,"Knox Murray",2004,"2018-05-11","1142 Non, Av.",67,32),(75,"Jarrod T. Preston",2018,"2017-04-22","439-5410 Molestie St.",6,77),(85,"Tanek Pittman",1981,"2017-05-30","550-6128 Cursus St.",92,26),(39,"Lewis Curtis",1992,"2018-08-22","Ap #243-4308 Nullam St.",80,4),(63,"Moana Fletcher",1994,"2017-11-02","Ap #388-5502 Massa Rd.",80,61),(46,"Hector Q. Allen",2012,"2018-07-22","8703 Nulla Road",33,42),(16,"Amber Sutton",2000,"2019-03-17","P.O. Box 632, 6322 Sit Road",100,95);
INSERT INTO livro (editora_id,nome,edicao,data_publicacao,local_publicacao,qtd_total,qtd_disponivel) VALUES (84,"Sybil D. Kelly",1992,"2017-04-01","P.O. Box 550, 5983 Vestibulum St.",24,79),(45,"Craig O. Snow",2002,"2018-01-26","262-4400 Vitae, St.",83,19),(20,"Nell Mccullough",2017,"2017-08-19","Ap #845-6471 Vestibulum, Road",46,99),(19,"Chancellor M. Pickett",1984,"2019-01-16","P.O. Box 343, 426 Eu, Avenue",50,74),(23,"Boris G. Stevenson",1989,"2018-05-31","Ap #823-5983 Risus. Rd.",1,2),(48,"Abdul N. Mcclain",2016,"2017-07-23","P.O. Box 251, 2864 Erat Road",33,34),(4,"Yoshio Hines",1999,"2019-01-31","Ap #253-8985 Mauris St.",24,15),(40,"Kennan F. Barrera",1980,"2017-06-28","901-1525 Sed Rd.",8,61),(61,"Chaney Holloway",1995,"2018-10-12","P.O. Box 885, 5802 Ante. Road",82,50),(93,"Todd Caldwell",2007,"2017-05-07","P.O. Box 701, 9913 Dolor St.",95,58);
INSERT INTO livro (editora_id,nome,edicao,data_publicacao,local_publicacao,qtd_total,qtd_disponivel) VALUES (48,"Sloane P. Kirk",1996,"2017-05-20","Ap #488-4064 Libero St.",90,85),(62,"Lev H. Underwood",2003,"2018-12-19","7015 Nec St.",48,60),(37,"Sylvester U. Montoya",1984,"2019-01-01","Ap #307-4549 Urna Street",72,10),(34,"Clare Workman",2001,"2018-09-27","5418 Cras Avenue",12,1),(2,"Yuli Craig",2015,"2017-04-09","Ap #545-2710 Consectetuer Av.",7,2),(53,"Cora Cross",1994,"2018-08-24","P.O. Box 739, 7696 Adipiscing Road",46,90),(59,"Dane T. Hampton",2001,"2017-05-21","590-4061 Ipsum Ave",99,75),(9,"Ronan Hurst",1999,"2017-12-22","513-3510 Auctor. Rd.",3,50),(32,"Jared B. Rivas",2008,"2018-05-06","520-9583 Pede Rd.",2,57),(51,"Illana White",2010,"2018-05-03","937-5791 Imperdiet St.",77,33);

INSERT INTO config_de_multa (dias_atraso,valor_multa,juros_ao_dia) VALUES (2,"24.65","88.14"),(3,"55.34","71.01"),(7,"94.71","51.21"),(9,"35.14","54.51"),(8,"23.79","96.20"),(6,"68.38","39.00"),(10,"6.37","98.87"),(1,"44.76","69.64"),(9,"53.92","21.03"),(1,"99.76","56.43");
INSERT INTO config_de_multa (dias_atraso,valor_multa,juros_ao_dia) VALUES (1,"7.63","48.54"),(5,"79.13","88.37"),(2,"11.41","82.19"),(9,"74.40","26.53"),(10,"25.02","29.55"),(8,"86.93","64.60"),(9,"24.07","60.96"),(3,"98.10","33.02"),(4,"98.02","66.67"),(1,"45.03","26.93");
INSERT INTO config_de_multa (dias_atraso,valor_multa,juros_ao_dia) VALUES (6,"27.91","0.89"),(4,"85.88","11.28"),(10,"37.91","27.01"),(4,"56.54","18.98"),(9,"2.92","37.95"),(9,"59.88","17.92"),(3,"58.62","49.14"),(3,"56.98","50.71"),(9,"13.37","7.31"),(4,"47.99","40.13");
INSERT INTO config_de_multa (dias_atraso,valor_multa,juros_ao_dia) VALUES (2,"8.11","54.15"),(5,"38.60","63.68"),(3,"68.18","27.46"),(2,"34.83","0.76"),(4,"21.09","75.12"),(1,"31.85","52.86"),(6,"39.50","29.59"),(5,"60.90","62.44"),(4,"8.86","44.39"),(5,"92.01","6.80");
INSERT INTO config_de_multa (dias_atraso,valor_multa,juros_ao_dia) VALUES (6,"95.64","6.71"),(1,"64.36","37.84"),(3,"27.27","67.02"),(1,"28.29","14.56"),(4,"64.20","32.84"),(5,"18.60","85.45"),(6,"74.39","94.19"),(7,"48.05","82.77"),(1,"71.76","65.87"),(9,"20.65","67.06");
INSERT INTO config_de_multa (dias_atraso,valor_multa,juros_ao_dia) VALUES (10,"51.51","10.88"),(6,"94.01","51.37"),(7,"95.50","30.73"),(10,"86.30","21.89"),(7,"80.45","53.28"),(2,"87.90","7.52"),(1,"35.70","82.65"),(2,"70.59","29.27"),(4,"32.99","51.22"),(10,"89.78","42.33");
INSERT INTO config_de_multa (dias_atraso,valor_multa,juros_ao_dia) VALUES (9,"6.94","88.09"),(8,"81.65","86.17"),(3,"59.02","38.29"),(6,"44.17","73.47"),(3,"62.58","51.57"),(2,"60.23","29.60"),(7,"79.55","53.30"),(2,"32.24","31.36"),(4,"38.89","40.27"),(1,"83.55","47.86");
INSERT INTO config_de_multa (dias_atraso,valor_multa,juros_ao_dia) VALUES (5,"97.36","17.72"),(4,"25.46","2.22"),(9,"75.15","37.38"),(1,"11.49","17.89"),(10,"80.30","31.16"),(10,"94.13","64.89"),(6,"51.15","21.92"),(10,"51.34","29.63"),(7,"5.56","3.78"),(2,"91.03","83.40");
INSERT INTO config_de_multa (dias_atraso,valor_multa,juros_ao_dia) VALUES (8,"85.95","3.15"),(9,"29.99","11.74"),(7,"76.58","2.54"),(7,"45.87","36.27"),(1,"37.78","30.30"),(7,"83.93","15.38"),(5,"36.34","35.08"),(4,"20.68","9.84"),(8,"99.83","51.59"),(3,"60.92","72.70");
INSERT INTO config_de_multa (dias_atraso,valor_multa,juros_ao_dia) VALUES (5,"56.97","73.67"),(8,"93.73","97.62"),(7,"57.31","37.28"),(9,"59.70","3.90"),(5,"26.65","48.04"),(9,"87.35","42.78"),(9,"87.40","61.18"),(8,"75.31","39.23"),(5,"63.65","20.37"),(2,"78.29","67.64");

INSERT INTO autor_do_livro (livro_id,autor_id) VALUES (74,97),(45,41),(37,85),(51,96),(65,27),(67,23),(23,86),(92,79),(22,82),(19,63);
INSERT INTO autor_do_livro (livro_id,autor_id) VALUES (93,15),(55,55),(81,55),(6,10),(42,28),(3,20),(83,89),(69,69),(98,97),(36,53);
INSERT INTO autor_do_livro (livro_id,autor_id) VALUES (85,73),(73,18),(69,63),(75,91),(92,76),(39,59),(73,5),(90,39),(80,55),(31,96);
INSERT INTO autor_do_livro (livro_id,autor_id) VALUES (55,8),(26,27),(25,83),(19,5),(99,16),(62,93),(49,62),(19,47),(36,72),(60,1);
INSERT INTO autor_do_livro (livro_id,autor_id) VALUES (46,31),(54,69),(40,16),(20,87),(76,78),(65,40),(44,98),(84,87),(46,70),(12,3);
INSERT INTO autor_do_livro (livro_id,autor_id) VALUES (37,16),(39,88),(88,38),(86,81),(53,57),(46,99),(12,76),(8,65),(43,58),(7,94);
INSERT INTO autor_do_livro (livro_id,autor_id) VALUES (12,32),(86,64),(27,11),(34,83),(32,67),(18,77),(96,8),(37,87),(84,41),(68,31);
INSERT INTO autor_do_livro (livro_id,autor_id) VALUES (18,13),(63,78),(82,16),(33,71),(19,37),(44,72),(74,52),(10,31),(11,57),(38,76);
INSERT INTO autor_do_livro (livro_id,autor_id) VALUES (88,97),(12,79),(33,100),(27,26),(3,53),(100,35),(10,68),(54,62),(77,19),(32,58);
INSERT INTO autor_do_livro (livro_id,autor_id) VALUES (60,63),(52,34),(60,75),(48,83),(64,73),(29,46),(58,6),(92,85),(92,6),(85,40);

INSERT INTO genero_do_livro (livro_id,genero_id) VALUES (1,2),(2,3),(3,7),(4,2),(5,1),(6,2),(7,1),(8,1),(9,6),(10,7);
INSERT INTO genero_do_livro (livro_id,genero_id) VALUES (11,1),(12,6),(13,5),(14,5),(15,5),(16,3),(17,6),(18,2),(19,2),(20,5);
INSERT INTO genero_do_livro (livro_id,genero_id) VALUES (21,3),(22,4),(23,6),(24,8),(25,6),(26,6),(27,6),(28,5),(29,3),(30,3);
INSERT INTO genero_do_livro (livro_id,genero_id) VALUES (31,4),(32,4),(33,7),(34,1),(35,4),(36,3),(37,1),(38,3),(39,1),(40,6);
INSERT INTO genero_do_livro (livro_id,genero_id) VALUES (41,8),(42,4),(43,4),(44,8),(45,7),(46,7),(47,7),(48,1),(49,6),(50,7);
INSERT INTO genero_do_livro (livro_id,genero_id) VALUES (51,5),(52,7),(53,3),(54,5),(55,2),(56,1),(57,3),(58,3),(59,4),(60,2);
INSERT INTO genero_do_livro (livro_id,genero_id) VALUES (61,6),(62,2),(63,7),(64,1),(65,8),(66,5),(67,5),(68,8),(69,3),(70,1);
INSERT INTO genero_do_livro (livro_id,genero_id) VALUES (71,5),(72,4),(73,3),(74,1),(75,1),(76,5),(77,4),(78,5),(79,2),(80,6);
INSERT INTO genero_do_livro (livro_id,genero_id) VALUES (81,1),(82,2),(83,6),(84,2),(85,4),(86,2),(87,3),(88,1),(89,5),(90,1);
INSERT INTO genero_do_livro (livro_id,genero_id) VALUES (91,2),(92,3),(93,4),(94,7),(95,3),(96,8),(97,7),(98,2),(99,4),(100,2);

INSERT INTO `situacao_de_retirada` (`descricao`,`finaliza_retirada`) VALUES ("feugiat placerat",1),("ac turpis",1),("vestibulum, neque",0),("diam",1),("montes,",1),("aliquet",1),("vulputate, lacus.",0),("feugiat non,",0),("facilisis vitae,",1),("quam. Pellentesque",1);
INSERT INTO `situacao_de_retirada` (`descricao`,`finaliza_retirada`) VALUES ("luctus",1),("semper",0),("ipsum",1),("diam.",1),("eu erat",1),("pede",0),("risus. Morbi",1),("diam luctus",1),("odio.",0),("elit. Nulla",1);
INSERT INTO `situacao_de_retirada` (`descricao`,`finaliza_retirada`) VALUES ("ad litora",0),("aliquet",1),("Nunc mauris",0),("congue. In",0),("Mauris non",1),("hendrerit id,",1),("egestas.",0),("tellus justo",1),("feugiat non,",0),("tortor. Nunc",1);
INSERT INTO `situacao_de_retirada` (`descricao`,`finaliza_retirada`) VALUES ("Duis ac",0),("ipsum",1),("elit.",0),("semper,",1),("nulla. Donec",0),("elementum at,",0),("amet",0),("arcu. Vivamus",1),("Donec tincidunt.",0),("ut",1);
INSERT INTO `situacao_de_retirada` (`descricao`,`finaliza_retirada`) VALUES ("sodales",0),("tempor arcu.",1),("elit. Nulla",0),("eu",0),("montes, nascetur",0),("ullamcorper viverra.",0),("dictum",0),("at",0),("commodo",0),("feugiat",0);
INSERT INTO `situacao_de_retirada` (`descricao`,`finaliza_retirada`) VALUES ("a sollicitudin",1),("imperdiet, erat",0),("dapibus",1),("Integer",1),("ac,",0),("vitae",0),("montes, nascetur",1),("erat",1),("vestibulum. Mauris",1),("lobortis quam",0);
INSERT INTO `situacao_de_retirada` (`descricao`,`finaliza_retirada`) VALUES ("parturient montes,",0),("Sed malesuada",0),("hendrerit a,",0),("adipiscing elit.",0),("eu",1),("velit",0),("scelerisque",1),("felis purus",1),("lorem",1),("turpis.",0);
INSERT INTO `situacao_de_retirada` (`descricao`,`finaliza_retirada`) VALUES ("est, congue",0),("magnis dis",1),("dolor",0),("ac ipsum.",0),("blandit",1),("amet",0),("ipsum",0),("accumsan convallis,",1),("Fusce",1),("iaculis",0);
INSERT INTO `situacao_de_retirada` (`descricao`,`finaliza_retirada`) VALUES ("quam",0),("vulputate dui,",1),("eros",0),("consectetuer",1),("et ultrices",0),("Morbi accumsan",1),("ante dictum",1),("Quisque porttitor",1),("blandit at,",1),("sem.",1);
INSERT INTO `situacao_de_retirada` (`descricao`,`finaliza_retirada`) VALUES ("orci,",0),("nisi.",1),("Mauris",0),("libero",1),("In",1),("sem",0),("et netus",0),("elit erat",0),("a",1),("volutpat nunc",1);
INSERT INTO `situacao_de_retirada` (`descricao`,`finaliza_retirada`) VALUES ("est",1),("Nullam",1),("Duis",1),("nec",0),("convallis",0),("amet risus.",1),("est",1),("cursus non,",0),("Quisque purus",0),("nonummy",1);
INSERT INTO `situacao_de_retirada` (`descricao`,`finaliza_retirada`) VALUES ("at",1),("massa. Mauris",0),("lobortis augue",0),("Mauris magna.",0),("Cras",1),("lorem,",0),("at",1),("hendrerit id,",1),("aliquet, metus",1),("lorem, sit",0);
INSERT INTO `situacao_de_retirada` (`descricao`,`finaliza_retirada`) VALUES ("ac",1),("mollis",1),("arcu.",1),("Aenean",0),("et",1),("felis. Nulla",1),("aliquet",1),("risus. Donec",0),("Duis",1),("pellentesque eget,",1);
INSERT INTO `situacao_de_retirada` (`descricao`,`finaliza_retirada`) VALUES ("nec, euismod",0),("sagittis",1),("sit amet",0),("et",1),("In tincidunt",1),("at",1),("ultrices",1),("lacus.",1),("at,",1),("libero mauris,",1);
INSERT INTO `situacao_de_retirada` (`descricao`,`finaliza_retirada`) VALUES ("eros",0),("fames ac",0),("arcu.",0),("risus.",1),("iaculis",0),("vel",0),("vitae, sodales",1),("libero",1),("rhoncus",0),("scelerisque, lorem",0);
INSERT INTO `situacao_de_retirada` (`descricao`,`finaliza_retirada`) VALUES ("semper. Nam",1),("dolor dapibus",1),("sem",1),("euismod urna.",1),("libero",0),("dolor sit",1),("Donec nibh.",1),("dolor",1),("dolor,",0),("mauris blandit",0);
INSERT INTO `situacao_de_retirada` (`descricao`,`finaliza_retirada`) VALUES ("dictum",0),("varius orci,",0),("Nullam nisl.",0),("ullamcorper. Duis",1),("a tortor.",1),("consectetuer,",1),("malesuada vel,",0),("elementum, dui",0),("ultrices",1),("laoreet ipsum.",1);
INSERT INTO `situacao_de_retirada` (`descricao`,`finaliza_retirada`) VALUES ("Cras",1),("ligula",1),("montes, nascetur",1),("rhoncus.",1),("pretium aliquet,",1),("Vivamus molestie",0),("dolor.",0),("quam",0),("Aliquam",1),("ipsum. Phasellus",0);
INSERT INTO `situacao_de_retirada` (`descricao`,`finaliza_retirada`) VALUES ("malesuada",1),("at",0),("dui augue",1),("dolor,",1),("mollis vitae,",1),("ut quam",0),("consequat",1),("nostra,",0),("Suspendisse",0),("magnis dis",1);
INSERT INTO `situacao_de_retirada` (`descricao`,`finaliza_retirada`) VALUES ("Lorem",1),("magna tellus",0),("Mauris non",0),("adipiscing,",1),("Sed nulla",0),("ullamcorper,",1),("per inceptos",1),("semper cursus.",0),("morbi",1),("laoreet, libero",0);

INSERT INTO retirada (atendente_id,usuario_retirante_id,situacao_id,config_de_multa_id,data_retirada,data_devolucao_prevista,data_devolucao,dias_prazo) VALUES (22,66,63,30,"2017-10-24","2018-03-19","2018-02-04",2),(31,80,2,52,"2017-03-26","2017-09-23","2017-10-26",6),(37,54,84,73,"2017-08-26","2019-03-19","2018-02-19",3),(4,52,77,17,"2019-02-27","2017-11-15","2018-03-06",5),(35,92,30,25,"2018-01-19","2017-04-28","2018-05-20",5),(11,100,11,26,"2017-06-17","2018-06-03","2018-07-29",3),(14,84,61,8,"2018-12-15","2018-02-22","2018-01-01",3),(35,49,23,36,"2018-02-06","2018-08-25","2017-11-10",9),(27,45,79,61,"2017-06-04","2017-12-28","2018-04-19",3),(24,81,27,44,"2019-03-11","2017-03-27","2018-04-09",10);
INSERT INTO retirada (atendente_id,usuario_retirante_id,situacao_id,config_de_multa_id,data_retirada,data_devolucao_prevista,data_devolucao,dias_prazo) VALUES (27,100,40,84,"2018-01-16","2018-11-11","2017-10-04",7),(13,48,51,31,"2018-11-09","2018-04-30","2018-06-27",3),(39,51,98,95,"2017-08-13","2018-11-23","2018-07-17",4),(9,42,49,4,"2018-09-22","2017-04-16","2018-11-08",6),(10,80,1,41,"2018-03-18","2017-11-04","2018-12-18",1),(1,85,62,10,"2018-02-14","2018-08-05","2019-03-13",1),(28,72,57,4,"2017-08-23","2018-12-31","2018-11-03",10),(4,48,61,73,"2017-07-23","2019-02-23","2017-07-27",4),(32,45,12,26,"2017-12-09","2018-06-28","2017-11-07",10),(8,98,79,91,"2018-09-08","2017-04-13","2018-06-18",8);
INSERT INTO retirada (atendente_id,usuario_retirante_id,situacao_id,config_de_multa_id,data_retirada,data_devolucao_prevista,data_devolucao,dias_prazo) VALUES (17,64,73,4,"2017-09-30","2018-02-28","2017-07-16",7),(34,90,14,42,"2018-01-10","2017-04-23","2017-09-09",7),(6,44,99,92,"2018-01-23","2018-04-28","2018-05-17",6),(38,87,98,28,"2018-07-03","2019-01-21","2017-12-22",8),(2,74,18,37,"2017-07-25","2017-05-03","2018-05-09",10),(5,78,28,3,"2017-10-07","2018-08-30","2018-08-01",4),(35,78,5,58,"2018-07-21","2017-12-25","2017-12-07",2),(6,77,80,74,"2017-11-06","2017-10-19","2019-01-02",2),(21,64,52,86,"2019-02-09","2017-10-24","2017-10-11",8),(34,87,89,49,"2018-01-22","2017-06-22","2018-06-07",2);
INSERT INTO retirada (atendente_id,usuario_retirante_id,situacao_id,config_de_multa_id,data_retirada,data_devolucao_prevista,data_devolucao,dias_prazo) VALUES (21,97,52,86,"2017-07-04","2018-10-12","2017-06-24",1),(29,45,48,42,"2019-01-28","2017-08-04","2018-12-06",3),(13,56,25,49,"2017-04-15","2018-03-03","2018-11-08",2),(1,96,53,2,"2018-11-25","2018-10-28","2018-03-25",8),(1,48,77,25,"2019-02-14","2017-03-23","2017-10-13",7),(15,99,37,7,"2018-09-16","2018-01-05","2019-01-09",1),(13,87,36,15,"2018-09-16","2018-01-24","2018-03-22",10),(11,70,62,48,"2017-09-28","2018-04-28","2018-02-28",9),(15,50,62,16,"2018-12-10","2017-12-28","2019-02-17",5),(20,83,50,60,"2018-05-16","2018-03-05","2018-08-03",9);
INSERT INTO retirada (atendente_id,usuario_retirante_id,situacao_id,config_de_multa_id,data_retirada,data_devolucao_prevista,data_devolucao,dias_prazo) VALUES (34,76,74,54,"2018-07-10","2017-09-07","2017-05-24",9),(28,58,1,29,"2018-04-22","2018-11-05","2018-09-21",1),(21,51,63,45,"2017-11-25","2018-12-13","2018-09-23",5),(10,59,27,90,"2018-07-18","2017-06-21","2019-01-19",5),(16,79,3,16,"2018-02-19","2017-08-07","2017-10-18",2),(38,62,51,61,"2018-11-12","2018-02-07","2017-04-09",7),(1,89,8,94,"2018-12-03","2017-06-14","2018-06-20",10),(3,97,50,12,"2018-07-06","2017-07-01","2017-04-08",6),(6,56,20,70,"2018-04-17","2017-07-29","2019-02-12",6),(12,90,36,66,"2018-08-02","2018-05-05","2018-07-22",4);
INSERT INTO retirada (atendente_id,usuario_retirante_id,situacao_id,config_de_multa_id,data_retirada,data_devolucao_prevista,data_devolucao,dias_prazo) VALUES (30,61,17,60,"2018-12-28","2019-02-08","2018-10-28",1),(37,73,6,61,"2019-02-13","2019-03-12","2018-03-07",7),(10,65,35,33,"2019-03-21","2017-09-26","2018-05-29",9),(17,46,79,53,"2017-08-15","2018-02-06","2018-06-10",4),(10,88,49,55,"2017-10-16","2017-04-20","2017-10-14",10),(30,56,2,84,"2017-06-09","2019-02-04","2018-08-29",5),(22,83,4,17,"2018-11-08","2018-06-10","2018-03-10",2),(19,69,96,42,"2017-09-22","2017-07-09","2017-10-17",5),(32,97,65,32,"2018-08-25","2017-07-17","2018-12-28",9),(20,62,57,1,"2018-03-12","2019-02-06","2019-01-02",10);
INSERT INTO retirada (atendente_id,usuario_retirante_id,situacao_id,config_de_multa_id,data_retirada,data_devolucao_prevista,data_devolucao,dias_prazo) VALUES (38,73,94,15,"2018-05-24","2017-10-12","2019-03-06",7),(40,49,96,61,"2017-10-20","2017-11-10","2018-03-28",6),(16,90,84,81,"2017-04-28","2018-11-16","2019-01-24",9),(9,58,62,98,"2017-08-28","2017-08-02","2017-08-24",1),(39,69,62,85,"2017-09-28","2018-11-15","2018-05-10",10),(23,99,65,95,"2017-10-18","2018-07-09","2017-10-26",2),(23,71,5,19,"2018-08-15","2017-07-13","2018-11-12",5),(33,43,67,80,"2018-06-30","2018-01-07","2018-01-19",7),(38,90,64,1,"2019-01-04","2018-02-08","2018-03-06",1),(22,56,20,19,"2018-11-14","2017-12-12","2018-09-01",10);
INSERT INTO retirada (atendente_id,usuario_retirante_id,situacao_id,config_de_multa_id,data_retirada,data_devolucao_prevista,data_devolucao,dias_prazo) VALUES (34,48,76,71,"2018-08-27","2017-10-15","2019-01-28",5),(12,70,22,77,"2018-08-18","2018-01-22","2018-02-03",3),(39,75,42,74,"2018-11-16","2017-12-09","2017-10-18",3),(2,73,74,95,"2018-06-19","2018-02-02","2017-09-04",1),(14,97,91,52,"2018-12-07","2017-10-30","2018-07-10",4),(25,76,18,56,"2018-09-10","2018-07-08","2018-02-03",3),(40,67,30,91,"2017-11-24","2018-12-02","2018-01-20",8),(1,75,74,40,"2018-03-15","2018-04-12","2018-11-02",7),(13,70,11,88,"2017-12-07","2018-11-04","2017-05-29",9),(1,86,84,88,"2019-01-25","2018-04-11","2017-11-13",3);
INSERT INTO retirada (atendente_id,usuario_retirante_id,situacao_id,config_de_multa_id,data_retirada,data_devolucao_prevista,data_devolucao,dias_prazo) VALUES (18,84,51,89,"2018-05-22","2018-07-22","2018-12-27",9),(10,99,43,17,"2017-06-21","2018-07-18","2018-12-21",4),(31,45,54,44,"2017-12-17","2017-10-27","2018-10-01",7),(35,87,21,84,"2017-12-17","2019-03-20","2018-07-23",7),(22,73,77,45,"2018-08-13","2018-05-07","2019-02-08",4),(20,100,94,6,"2019-03-01","2017-05-11","2017-12-14",1),(4,72,83,35,"2017-12-27","2019-02-16","2017-07-04",5),(4,57,30,66,"2017-12-31","2018-05-30","2019-03-13",7),(2,89,55,16,"2017-04-12","2017-07-06","2018-03-17",4),(23,47,43,16,"2018-05-20","2017-06-11","2017-12-15",3);
INSERT INTO retirada (atendente_id,usuario_retirante_id,situacao_id,config_de_multa_id,data_retirada,data_devolucao_prevista,data_devolucao,dias_prazo) VALUES (1,43,52,67,"2017-08-19","2018-11-03","2017-11-11",10),(4,79,42,73,"2018-09-15","2018-05-04","2018-03-17",2),(4,81,38,18,"2017-10-07","2018-08-19","2019-01-26",9),(16,57,100,76,"2017-07-04","2018-09-11","2017-08-13",3),(23,85,18,93,"2017-08-23","2019-01-08","2018-01-03",6),(3,61,8,12,"2018-08-17","2018-11-02","2018-07-04",8),(23,56,33,8,"2018-12-03","2017-04-15","2017-07-10",10),(32,91,12,71,"2018-07-19","2018-10-28","2019-03-20",6),(39,93,16,6,"2018-11-01","2017-04-14","2017-10-29",9),(11,57,14,96,"2018-11-04","2018-09-01","2018-07-21",1);

INSERT INTO livro_da_retirada (retirada_id,livro_id,qtd_retirada) VALUES (82,3,3),(78,48,1),(5,52,1),(32,67,3),(53,94,1),(54,18,1),(76,100,1),(68,60,1),(85,64,3),(78,35,1);
INSERT INTO livro_da_retirada (retirada_id,livro_id,qtd_retirada) VALUES (64,50,3),(61,5,3),(30,70,1),(38,1,1),(69,35,2),(85,62,2),(23,61,3),(63,31,3),(68,9,2),(94,65,1);
INSERT INTO livro_da_retirada (retirada_id,livro_id,qtd_retirada) VALUES (78,95,1),(56,50,3),(55,15,2),(79,67,2),(66,77,1),(28,89,1),(18,4,1),(27,81,1),(30,24,3),(56,54,2);
INSERT INTO livro_da_retirada (retirada_id,livro_id,qtd_retirada) VALUES (68,6,2),(48,8,1),(31,5,2),(9,34,2),(89,52,1),(12,54,3),(30,9,1),(69,27,1),(46,50,2),(68,24,1);
INSERT INTO livro_da_retirada (retirada_id,livro_id,qtd_retirada) VALUES (47,18,1),(20,15,1),(61,11,2),(70,43,3),(75,55,2),(67,65,1),(76,70,2),(23,25,3),(99,98,3),(26,38,2);
INSERT INTO livro_da_retirada (retirada_id,livro_id,qtd_retirada) VALUES (60,40,2),(10,21,1),(92,55,3),(72,65,2),(8,12,2),(50,31,2),(34,61,2),(88,48,2),(69,12,3),(75,21,1);
INSERT INTO livro_da_retirada (retirada_id,livro_id,qtd_retirada) VALUES (24,21,2),(100,18,3),(81,8,3),(50,54,1),(40,93,3),(28,56,3),(72,58,3),(93,75,1),(63,33,2),(45,47,3);
INSERT INTO livro_da_retirada (retirada_id,livro_id,qtd_retirada) VALUES (32,28,1),(57,70,3),(22,54,3),(39,99,2),(92,38,2),(79,70,1),(14,57,1),(71,47,2),(98,64,2),(49,13,1);
INSERT INTO livro_da_retirada (retirada_id,livro_id,qtd_retirada) VALUES (4,57,3),(33,21,2),(73,71,2),(4,25,1),(54,43,3),(95,46,1),(13,49,2),(80,69,1),(92,68,2),(46,89,2);
INSERT INTO livro_da_retirada (retirada_id,livro_id,qtd_retirada) VALUES (96,77,3),(73,8,1),(92,7,2),(60,64,2),(94,92,2),(3,83,3),(80,11,3),(33,97,3),(37,55,3),(44,50,1);

INSERT INTO localizacao_do_livro (livro_id,prateleira_id) VALUES (99,46),(39,88),(45,82),(53,45),(35,86),(86,74),(9,79),(1,21),(44,72),(51,25);
INSERT INTO localizacao_do_livro (livro_id,prateleira_id) VALUES (53,84),(90,40),(70,50),(49,57),(21,64),(92,73),(8,85),(48,36),(15,39),(26,20);
INSERT INTO localizacao_do_livro (livro_id,prateleira_id) VALUES (25,51),(31,53),(97,12),(13,4),(31,27),(23,53),(29,73),(94,86),(53,90),(76,85);
INSERT INTO localizacao_do_livro (livro_id,prateleira_id) VALUES (1,92),(34,35),(35,82),(38,100),(13,27),(82,4),(59,88),(29,59),(91,50),(84,87);
INSERT INTO localizacao_do_livro (livro_id,prateleira_id) VALUES (70,25),(60,25),(94,32),(90,89),(98,15),(4,38),(62,35),(32,15),(20,25),(95,91);
INSERT INTO localizacao_do_livro (livro_id,prateleira_id) VALUES (89,54),(11,5),(92,3),(90,93),(75,72),(60,2),(89,60),(41,55),(42,95),(9,19);
INSERT INTO localizacao_do_livro (livro_id,prateleira_id) VALUES (51,24),(50,73),(73,37),(23,43),(58,55),(14,31),(71,85),(23,67),(28,29),(100,30);
INSERT INTO localizacao_do_livro (livro_id,prateleira_id) VALUES (59,80),(32,52),(99,16),(67,43),(34,55),(46,13),(66,67),(60,7),(81,63),(39,12);
INSERT INTO localizacao_do_livro (livro_id,prateleira_id) VALUES (57,77),(66,95),(86,23),(33,67),(17,89),(48,6),(21,99),(62,55),(14,12),(94,33);
INSERT INTO localizacao_do_livro (livro_id,prateleira_id) VALUES (71,12),(78,43),(24,31),(91,39),(18,66),(80,100),(48,61),(77,13),(46,60),(98,27);

INSERT INTO `multa_da_retirada` (`retirada_id`,`livro_id`,`valor`,`data_emissao`,`data_vencimento`,`data_pagamento`,`valor_pagamento`,`saldo`,`cancelada`) VALUES (18,9,"42.96","2019-01-10","2018-07-26","2017-11-12","47.77","43.45",0),(10,56,"49.64","2018-01-29","2018-04-08","2018-04-02","93.29","7.63",0),(40,43,"14.66","2018-03-02","2018-02-25","2018-11-23","63.62","44.35",1),(30,67,"47.37","2018-03-18","2017-07-01","2018-10-21","75.92","34.20",0),(95,81,"54.84","2018-09-09","2018-08-09","2018-04-27","17.33","3.95",0),(21,69,"49.67","2017-10-25","2018-08-18","2017-09-11","66.23","70.62",1),(64,32,"48.78","2018-07-08","2018-03-16","2018-03-17","44.59","83.50",1),(98,43,"86.15","2018-07-07","2018-01-19","2018-01-26","58.34","18.56",0),(30,62,"41.15","2019-03-11","2017-06-18","2018-07-18","69.92","11.54",0),(70,61,"71.64","2018-10-31","2019-02-16","2018-03-04","99.93","41.60",0);
INSERT INTO `multa_da_retirada` (`retirada_id`,`livro_id`,`valor`,`data_emissao`,`data_vencimento`,`data_pagamento`,`valor_pagamento`,`saldo`,`cancelada`) VALUES (33,55,"16.74","2018-04-16","2018-09-27","2018-07-10","34.28","62.85",1),(67,30,"98.31","2017-06-20","2017-08-01","2017-10-04","20.87","82.50",1),(33,89,"68.14","2017-12-05","2018-07-19","2018-08-03","90.48","69.28",1),(48,72,"82.97","2018-08-30","2018-05-03","2018-02-10","22.88","1.01",0),(3,65,"98.94","2018-08-31","2017-07-16","2017-04-20","42.17","2.19",1),(24,54,"50.77","2017-07-31","2017-10-07","2018-07-28","61.62","69.34",0),(55,32,"93.35","2018-04-28","2017-07-02","2019-01-20","71.73","98.25",1),(41,15,"28.99","2017-09-20","2018-01-02","2018-05-09","13.22","12.25",1),(81,30,"87.86","2018-12-03","2019-02-21","2018-03-03","81.29","37.94",0),(35,92,"74.45","2019-01-18","2017-07-09","2019-02-20","71.82","95.23",0);
INSERT INTO `multa_da_retirada` (`retirada_id`,`livro_id`,`valor`,`data_emissao`,`data_vencimento`,`data_pagamento`,`valor_pagamento`,`saldo`,`cancelada`) VALUES (26,8,"8.66","2017-10-15","2019-02-26","2017-12-22","76.37","93.58",0),(72,50,"75.33","2018-02-08","2018-09-13","2018-08-15","87.93","66.42",1),(58,18,"1.44","2018-05-17","2017-05-01","2017-11-24","92.49","33.06",0),(58,47,"99.66","2017-05-25","2017-11-22","2018-11-03","11.73","33.02",1),(88,39,"25.81","2017-07-06","2018-10-11","2017-12-08","64.83","32.31",0),(23,7,"44.95","2018-07-12","2018-12-03","2018-01-21","21.58","2.00",0),(36,63,"37.00","2018-11-02","2017-05-06","2019-03-05","33.66","82.45",0),(42,73,"19.69","2018-06-05","2017-09-26","2017-10-27","34.17","35.87",1),(30,91,"96.09","2018-06-23","2018-06-27","2017-07-30","5.75","68.62",1),(30,52,"82.17","2018-11-04","2018-11-03","2017-08-04","23.24","55.78",0);
INSERT INTO `multa_da_retirada` (`retirada_id`,`livro_id`,`valor`,`data_emissao`,`data_vencimento`,`data_pagamento`,`valor_pagamento`,`saldo`,`cancelada`) VALUES (5,76,"93.27","2017-04-30","2017-05-02","2017-04-28","74.05","47.96",1),(62,67,"17.36","2018-04-25","2017-06-19","2018-01-20","67.52","44.89",0),(67,95,"29.60","2017-07-25","2018-05-01","2017-05-25","21.41","39.03",1),(59,78,"79.64","2017-09-05","2018-11-01","2018-07-22","36.02","77.07",1),(12,8,"52.35","2017-06-01","2018-09-25","2018-02-16","45.38","28.72",1),(39,64,"69.86","2018-05-28","2018-12-26","2018-03-30","99.50","71.00",0),(97,53,"1.14","2018-04-21","2019-02-20","2019-01-29","41.79","53.63",0),(21,59,"29.75","2017-12-16","2017-12-07","2018-10-07","29.25","77.11",1),(87,14,"26.64","2018-03-01","2017-12-15","2018-09-01","90.29","14.27",1),(16,47,"82.06","2017-06-13","2017-05-04","2018-05-14","8.37","11.82",1);
INSERT INTO `multa_da_retirada` (`retirada_id`,`livro_id`,`valor`,`data_emissao`,`data_vencimento`,`data_pagamento`,`valor_pagamento`,`saldo`,`cancelada`) VALUES (83,92,"20.27","2018-11-17","2018-05-24","2018-01-06","33.00","94.19",1),(8,30,"77.75","2018-12-07","2019-01-13","2018-12-24","96.09","0.72",0),(6,88,"99.65","2018-02-27","2017-10-06","2017-10-07","33.71","57.47",1),(45,39,"14.03","2019-01-29","2018-09-03","2017-06-16","4.99","45.49",0),(34,54,"13.54","2018-01-11","2017-11-21","2017-07-13","5.58","36.38",0),(57,58,"57.90","2017-09-19","2017-06-09","2017-06-10","14.53","49.54",1),(65,70,"27.59","2018-09-10","2019-02-22","2018-04-19","39.00","76.62",1),(38,27,"41.38","2017-05-08","2018-05-08","2018-03-24","31.99","61.29",1),(64,52,"1.52","2018-01-27","2018-04-03","2017-12-07","20.86","57.71",1),(66,41,"85.91","2017-04-28","2018-11-01","2017-08-11","55.50","23.60",1);
INSERT INTO `multa_da_retirada` (`retirada_id`,`livro_id`,`valor`,`data_emissao`,`data_vencimento`,`data_pagamento`,`valor_pagamento`,`saldo`,`cancelada`) VALUES (89,72,"58.17","2019-01-09","2017-10-02","2019-03-12","53.61","66.00",1),(27,28,"15.44","2019-02-14","2019-02-05","2017-06-10","8.87","77.51",1),(88,35,"92.00","2017-12-02","2017-04-15","2018-07-27","64.63","56.25",1),(78,66,"63.64","2018-04-15","2018-11-06","2019-01-31","57.64","23.21",1),(97,34,"65.15","2017-09-14","2017-09-30","2018-11-07","78.57","89.41",1),(98,11,"8.43","2017-07-26","2017-09-20","2019-03-02","71.16","26.32",1),(59,66,"65.23","2018-02-08","2019-01-25","2017-09-22","7.58","31.51",1),(79,30,"54.24","2018-06-09","2018-08-14","2018-10-15","78.48","38.81",1),(59,46,"62.72","2017-12-15","2018-04-04","2018-07-03","39.32","8.05",1),(63,24,"57.97","2017-06-23","2019-03-15","2018-02-16","32.39","73.35",0);
INSERT INTO `multa_da_retirada` (`retirada_id`,`livro_id`,`valor`,`data_emissao`,`data_vencimento`,`data_pagamento`,`valor_pagamento`,`saldo`,`cancelada`) VALUES (71,64,"96.08","2018-01-06","2018-04-30","2018-11-05","92.93","63.60",1),(95,30,"81.82","2019-02-05","2018-04-06","2018-11-27","48.64","44.07",0),(4,92,"29.86","2018-07-20","2018-03-09","2018-09-18","58.69","65.61",0),(7,51,"91.28","2018-05-28","2018-08-06","2018-12-24","76.73","84.67",1),(49,44,"40.25","2018-05-09","2019-01-20","2018-07-20","50.51","7.46",0),(25,37,"45.39","2018-08-16","2018-05-13","2018-09-29","64.14","78.75",0),(59,55,"13.52","2018-04-06","2019-03-08","2018-03-09","74.24","4.92",1),(83,16,"50.71","2018-08-26","2017-05-26","2017-04-04","86.00","44.14",1),(44,47,"26.15","2018-10-24","2017-08-31","2018-03-24","6.57","47.02",1),(6,5,"62.23","2018-03-04","2017-09-24","2018-06-23","17.82","62.80",0);
INSERT INTO `multa_da_retirada` (`retirada_id`,`livro_id`,`valor`,`data_emissao`,`data_vencimento`,`data_pagamento`,`valor_pagamento`,`saldo`,`cancelada`) VALUES (21,86,"66.38","2017-05-11","2018-06-12","2017-11-14","95.06","9.36",1),(88,84,"95.54","2017-09-24","2017-11-24","2019-02-13","55.97","50.19",1),(88,8,"91.89","2017-08-02","2019-02-10","2017-06-17","69.13","17.81",1),(45,94,"9.96","2017-04-27","2019-03-21","2018-03-29","74.79","72.47",1),(67,45,"61.35","2017-06-07","2019-02-02","2018-12-06","15.93","24.05",0),(39,34,"86.26","2018-08-09","2018-07-01","2018-04-19","24.27","83.29",0),(26,82,"38.19","2018-12-07","2018-09-07","2018-12-21","3.73","65.20",1),(91,79,"69.90","2018-12-06","2018-07-23","2018-12-27","75.27","43.56",1),(68,69,"92.56","2018-01-24","2017-05-18","2017-04-18","4.15","81.56",0),(54,18,"96.97","2017-07-05","2018-04-08","2019-01-20","94.27","11.75",1);
INSERT INTO `multa_da_retirada` (`retirada_id`,`livro_id`,`valor`,`data_emissao`,`data_vencimento`,`data_pagamento`,`valor_pagamento`,`saldo`,`cancelada`) VALUES (22,99,"47.98","2017-07-06","2018-11-15","2018-11-04","62.37","91.67",0),(15,64,"73.05","2018-10-02","2018-09-28","2018-12-19","68.57","75.23",1),(13,18,"65.88","2017-06-28","2017-10-20","2017-12-27","63.49","69.06",0),(40,92,"93.01","2017-10-20","2017-10-05","2019-02-11","50.17","93.46",1),(72,99,"48.38","2018-11-27","2017-08-12","2018-05-02","89.85","46.04",1),(20,85,"74.24","2017-10-11","2018-06-29","2018-12-05","23.52","64.16",0),(28,63,"62.66","2018-02-25","2017-08-25","2017-10-31","22.48","76.12",1),(73,83,"90.88","2018-07-20","2017-04-18","2018-06-23","65.71","88.79",0),(44,94,"50.07","2017-03-23","2017-06-11","2017-04-14","20.00","94.60",0),(93,69,"1.67","2017-08-05","2017-12-19","2017-06-24","72.81","19.35",0);
INSERT INTO `multa_da_retirada` (`retirada_id`,`livro_id`,`valor`,`data_emissao`,`data_vencimento`,`data_pagamento`,`valor_pagamento`,`saldo`,`cancelada`) VALUES (65,92,"63.29","2018-01-02","2017-06-22","2018-08-02","55.47","92.06",1),(96,67,"97.21","2017-12-19","2017-05-24","2017-12-31","52.06","69.80",0),(35,55,"77.17","2017-11-15","2017-04-02","2019-02-25","63.15","62.37",0),(84,41,"37.80","2017-10-18","2019-02-10","2018-11-28","2.45","48.19",1),(26,6,"86.52","2018-03-24","2018-03-23","2018-05-23","12.89","69.23",0),(85,54,"3.73","2017-06-17","2017-11-25","2018-04-26","68.60","31.57",1),(89,8,"49.15","2018-02-09","2019-01-02","2017-04-12","72.13","35.26",1),(26,77,"30.53","2018-08-29","2017-05-18","2018-03-29","91.85","21.71",1),(54,11,"84.12","2017-12-17","2017-11-02","2017-11-08","86.78","37.96",0),(81,88,"11.49","2019-03-15","2017-03-23","2017-09-27","69.91","85.57",0);

COMMIT;
